Investor_ID,Age,Income,Investment,Equity_Percent,Debt_Percent,Trades_Per_Month,Risk_Personality,Equity_Amount,Debt_Amount
INV_1,38,429865,74555,50,50,5,Balanced,37277,37277
INV_2,57,279062,69518,60,40,5,Balanced,41710,27807
INV_3,22,660090,170635,60,40,15,Aggressive,102381,68254
INV_4,47,825769,260081,60,40,8,Balanced,156048,104032
INV_5,53,191278,63625,60,40,5,Aggressive,38175,25450
INV_6,42,1003470,324379,60,40,10,Balanced,194627,129751
INV_7,51,858159,107506,30,70,2,Aggressive,32251,75254
INV_8,43,320736,85925,50,50,15,Balanced,42962,42962
INV_9,39,963768,271380,40,60,10,Balanced,108552,162828
INV_10,46,392088,81062,50,50,8,Balanced,40531,40531
INV_11,22,379657,64693,50,50,25,Aggressive,32346,32346
INV_12,44,292614,34831,60,40,10,Conservative,20898,13932
INV_13,58,494390,104067,30,70,5,Balanced,31220,72846
INV_14,21,360814,64432,40,60,10,Conservative,25772,38659
INV_15,59,986697,339873,40,60,5,Balanced,135949,203923
INV_16,53,873846,177377,70,30,5,Conservative,124163,53213
INV_17,44,378076,107919,80,20,10,Balanced,86335,21583
INV_18,53,380011,61246,70,30,2,Conservative,42872,18373
INV_19,25,321062,107035,50,50,20,Balanced,53517,53517
INV_20,25,321808,67737,60,40,10,Conservative,40642,27094
INV_21,42,787040,251870,40,60,10,Balanced,100748,151122
INV_22,54,996263,262770,60,40,8,Balanced,157662,105108
INV_23,49,292460,103274,70,30,8,Balanced,72291,30982
INV_24,39,571080,85186,40,60,15,Conservative,34074,51111
INV_25,47,450461,108675,80,20,5,Balanced,86940,21735
INV_26,43,567087,63318,60,40,10,Aggressive,37990,25327
INV_27,32,550295,93399,70,30,10,Aggressive,65379,28019
INV_28,32,378868,86712,50,50,10,Conservative,43356,43356
INV_29,37,319308,99828,70,30,10,Conservative,69879,29948
INV_30,37,312146,64290,30,70,5,Conservative,19287,45003
INV_31,52,1323497,434997,50,50,8,Conservative,217498,217498
INV_32,37,475884,78767,50,50,5,Balanced,39383,39383
INV_33,23,584189,105379,50,50,20,Aggressive,52689,52689
INV_34,26,306330,114146,50,50,25,Aggressive,57073,57073
INV_35,39,329332,125427,60,40,10,Aggressive,75256,50170
INV_36,35,621732,231605,60,40,15,Balanced,138963,92642
INV_37,33,396613,93684,70,30,10,Conservative,65578,28105
INV_38,49,446841,130294,70,30,5,Aggressive,91205,39088
INV_39,26,300707,33854,60,40,15,Aggressive,20312,13541
INV_40,26,319226,49399,50,50,25,Conservative,24699,24699
INV_41,50,380115,138591,40,60,5,Aggressive,55436,83154
INV_42,47,708531,86241,50,50,5,Balanced,43120,43120
INV_43,52,618020,133181,70,30,5,Conservative,93226,39954
INV_44,52,395683,123314,60,40,8,Aggressive,73988,49325
INV_45,50,390897,119591,70,30,2,Balanced,83713,35877
INV_46,45,226952,52144,60,40,5,Aggressive,31286,20857
INV_47,41,716257,193401,70,30,15,Balanced,135380,58020
INV_48,38,282832,45036,30,70,10,Balanced,13510,31525
INV_49,36,446183,58157,50,50,15,Balanced,29078,29078
INV_50,44,1138503,436355,60,40,10,Balanced,261813,174542
INV_51,57,174633,40495,30,70,2,Aggressive,12148,28346
INV_52,34,241197,73373,50,50,15,Conservative,36686,36686
INV_53,37,403217,90114,60,40,10,Conservative,54068,36045
INV_54,46,419615,101176,60,40,2,Balanced,60705,40470
INV_55,50,313479,86284,60,40,5,Conservative,51770,34513
INV_56,51,1433024,531202,50,50,2,Conservative,265601,265601
INV_57,24,764766,119549,60,40,15,Balanced,71729,47819
INV_58,42,350756,61525,60,40,15,Aggressive,36915,24610
INV_59,21,817412,153763,80,20,25,Conservative,123010,30752
INV_60,54,225212,39024,50,50,8,Balanced,19512,19512
INV_61,53,452897,129696,60,40,8,Conservative,77817,51878
INV_62,48,382480,127934,50,50,5,Balanced,63967,63967
INV_63,43,579432,117456,80,20,10,Balanced,93964,23491
INV_64,30,388844,77930,30,70,5,Conservative,23379,54551
INV_65,39,649150,148114,40,60,15,Conservative,59245,88868
INV_66,49,354256,79449,60,40,8,Aggressive,47669,31779
INV_67,32,360452,98538,60,40,5,Conservative,59122,39415
INV_68,59,471292,157285,60,40,5,Aggressive,94371,62914
INV_69,57,506305,89291,50,50,8,Balanced,44645,44645
INV_70,48,503720,80876,70,30,8,Balanced,56613,24262
INV_71,29,510103,52988,40,60,15,Balanced,21195,31792
INV_72,58,941492,287010,60,40,5,Conservative,172206,114804
INV_73,36,312932,47793,40,60,10,Aggressive,19117,28675
INV_74,48,161597,24350,70,30,2,Conservative,17045,7305
INV_75,53,539731,141920,40,60,8,Balanced,56768,85152
INV_76,35,494527,113617,60,40,15,Conservative,68170,45446
INV_77,48,419804,116203,70,30,8,Balanced,81342,34860
INV_78,31,761955,191578,80,20,10,Balanced,153262,38315
INV_79,37,525939,192781,60,40,5,Balanced,115668,77112
INV_80,21,295316,62674,40,60,25,Balanced,25069,37604
INV_81,37,202984,29589,50,50,5,Balanced,14794,14794
INV_82,32,649169,84795,80,20,5,Aggressive,67836,16959
INV_83,56,369941,103838,60,40,5,Conservative,62302,41535
INV_84,27,819776,294130,40,60,25,Aggressive,117652,176478
INV_85,54,663554,171281,70,30,8,Balanced,119896,51384
INV_86,44,387559,72173,80,20,10,Balanced,57738,14434
INV_87,35,358333,122860,60,40,10,Aggressive,73716,49144
INV_88,52,509638,128505,60,40,8,Balanced,77103,51402
INV_89,48,293977,31103,60,40,2,Balanced,18661,12441
INV_90,26,192063,58822,60,40,25,Aggressive,35293,23528
INV_91,25,665796,103716,70,30,20,Balanced,72601,31114
INV_92,22,433930,118036,70,30,10,Balanced,82625,35410
INV_93,58,322486,71292,50,50,2,Aggressive,35646,35646
INV_94,58,515210,140988,60,40,2,Aggressive,84592,56395
INV_95,27,209291,61101,60,40,25,Conservative,36660,24440
INV_96,41,339052,60167,60,40,5,Balanced,36100,24066
INV_97,28,429687,47616,60,40,25,Aggressive,28569,19046
INV_98,26,354970,64063,60,40,15,Balanced,38437,25625
INV_99,52,218992,24457,50,50,5,Aggressive,12228,12228
INV_100,41,540865,210498,40,60,10,Aggressive,84199,126298
INV_101,56,289371,66006,50,50,5,Balanced,33003,33003
INV_102,55,486093,120585,60,40,2,Balanced,72351,48234
INV_103,59,520936,196113,40,60,2,Balanced,78445,117667
INV_104,42,704722,79479,40,60,10,Balanced,31791,47687
INV_105,55,683584,74902,50,50,5,Conservative,37451,37451
INV_106,45,266637,54733,50,50,5,Aggressive,27366,27366
INV_107,50,287081,33259,50,50,2,Aggressive,16629,16629
INV_108,50,423351,158229,50,50,5,Balanced,79114,79114
INV_109,21,515503,118463,30,70,20,Balanced,35538,82924
INV_110,50,440358,165127,30,70,2,Conservative,49538,115588
INV_111,22,843330,336647,80,20,20,Balanced,269317,67329
INV_112,29,291031,51450,80,20,10,Balanced,41160,10290
INV_113,40,514059,137161,80,20,10,Balanced,109728,27432
INV_114,44,405888,72130,70,30,15,Aggressive,50491,21639
INV_115,31,334782,88130,30,70,15,Balanced,26439,61691
INV_116,27,1514044,252600,50,50,20,Conservative,126300,126300
INV_117,46,406437,158906,60,40,2,Balanced,95343,63562
INV_118,54,300546,83238,50,50,2,Conservative,41619,41619
INV_119,33,410696,79324,30,70,5,Aggressive,23797,55526
INV_120,31,272303,70363,50,50,5,Balanced,35181,35181
INV_121,27,702713,246391,60,40,20,Conservative,147834,98556
INV_122,40,754584,181089,50,50,5,Aggressive,90544,90544
INV_123,43,1333013,492955,60,40,15,Balanced,295773,197182
INV_124,44,603308,197812,30,70,10,Balanced,59343,138468
INV_125,27,722544,174493,60,40,10,Conservative,104695,69797
INV_126,55,529484,56562,50,50,8,Balanced,28281,28281
INV_127,46,311678,43414,60,40,2,Conservative,26048,17365
INV_128,41,485305,113173,30,70,15,Aggressive,33951,79221
INV_129,48,136459,42407,30,70,5,Aggressive,12722,29684
INV_130,45,331023,46878,60,40,2,Balanced,28126,18751
INV_131,40,625056,242172,30,70,5,Balanced,72651,169520
INV_132,39,1229552,320158,30,70,10,Balanced,96047,224110
INV_133,38,622111,118106,60,40,5,Aggressive,70863,47242
INV_134,48,275492,60441,50,50,5,Balanced,30220,30220
INV_135,57,297698,92454,40,60,2,Balanced,36981,55472
INV_136,49,265948,40225,50,50,2,Balanced,20112,20112
INV_137,53,432915,156825,50,50,5,Balanced,78412,78412
INV_138,45,354638,139448,40,60,5,Conservative,55779,83668
INV_139,28,293169,36395,50,50,15,Aggressive,18197,18197
INV_140,33,481054,179811,40,60,5,Balanced,71924,107886
INV_141,54,522289,57143,40,60,5,Aggressive,22857,34285
INV_142,35,432640,166237,50,50,5,Balanced,83118,83118
INV_143,57,396722,157946,50,50,5,Aggressive,78973,78973
INV_144,38,554455,103289,50,50,15,Balanced,51644,51644
INV_145,21,640235,213206,30,70,25,Aggressive,63961,149244
INV_146,26,539130,188256,60,40,10,Aggressive,112953,75302
INV_147,40,244981,70312,60,40,5,Balanced,42187,28124
INV_148,27,897599,275279,70,30,15,Conservative,192695,82583
INV_149,39,754509,295419,60,40,10,Balanced,177251,118167
INV_150,45,579528,128757,60,40,2,Balanced,77254,51502
INV_151,26,416219,124742,60,40,10,Balanced,74845,49896
INV_152,50,780890,191345,30,70,8,Balanced,57403,133941
INV_153,36,298554,59982,50,50,5,Balanced,29991,29991
INV_154,56,274469,43658,60,40,2,Balanced,26194,17463
INV_155,47,1073073,283352,50,50,5,Balanced,141676,141676
INV_156,48,659115,173532,50,50,2,Balanced,86766,86766
INV_157,48,304857,82423,70,30,2,Balanced,57696,24726
INV_158,29,539276,158062,30,70,20,Balanced,47418,110643
INV_159,38,285695,47212,40,60,15,Aggressive,18884,28327
INV_160,57,268680,79965,60,40,2,Balanced,47979,31986
INV_161,34,169943,26494,80,20,15,Conservative,21195,5298
INV_162,49,249369,41974,60,40,5,Balanced,25184,16789
INV_163,50,598087,228816,80,20,5,Balanced,183052,45763
INV_164,21,480586,134597,80,20,15,Conservative,107677,26919
INV_165,52,755684,150597,70,30,5,Conservative,105417,45179
INV_166,23,970383,340889,40,60,15,Conservative,136355,204533
INV_167,25,1174902,225711,70,30,20,Conservative,157997,67713
INV_168,56,447901,112986,50,50,8,Balanced,56493,56493
INV_169,33,181669,45896,30,70,10,Balanced,13768,32127
INV_170,44,406591,122236,50,50,5,Balanced,61118,61118
INV_171,41,986616,280500,40,60,10,Conservative,112200,168300
INV_172,34,1070824,261828,50,50,10,Conservative,130914,130914
INV_173,31,516632,206569,80,20,10,Balanced,165255,41313
INV_174,39,233356,65545,30,70,10,Aggressive,19663,45881
INV_175,33,466751,112626,40,60,5,Balanced,45050,67575
INV_176,59,461086,47973,50,50,2,Balanced,23986,23986
INV_177,25,470190,50465,50,50,20,Balanced,25232,25232
INV_178,40,1140227,224802,50,50,10,Balanced,112401,112401
INV_179,25,235068,28913,60,40,10,Balanced,17347,11565
INV_180,44,388788,136040,30,70,5,Balanced,40812,95228
INV_181,48,517952,57413,50,50,8,Balanced,28706,28706
INV_182,57,374052,115689,50,50,5,Conservative,57844,57844
INV_183,55,441000,111945,30,70,8,Balanced,33583,78361
INV_184,52,770139,265134,30,70,2,Balanced,79540,185593
INV_185,39,508844,71359,60,40,10,Balanced,42815,28543
INV_186,48,389561,61043,70,30,2,Balanced,42730,18312
INV_187,49,429483,72923,40,60,8,Conservative,29169,43753
INV_188,28,749505,120885,60,40,15,Balanced,72531,48354
INV_189,23,495413,180316,50,50,25,Balanced,90158,90158
INV_190,26,376601,66165,80,20,15,Conservative,52932,13233
INV_191,50,434097,157324,60,40,2,Conservative,94394,62929
INV_192,45,549808,180591,40,60,2,Aggressive,72236,108354
INV_193,55,250026,64663,70,30,8,Balanced,45264,19398
INV_194,52,247581,90872,80,20,8,Balanced,72697,18174
INV_195,40,502874,66073,80,20,15,Conservative,52858,13214
INV_196,52,329087,80656,40,60,5,Balanced,32262,48393
INV_197,52,355887,115755,70,30,2,Conservative,81028,34726
INV_198,39,748398,81249,30,70,10,Aggressive,24374,56874
INV_199,25,274260,69248,70,30,20,Balanced,48473,20774
INV_200,37,298653,114759,60,40,10,Aggressive,68855,45903
INV_201,37,369113,41574,60,40,5,Conservative,24944,16629
INV_202,34,443910,82966,50,50,5,Balanced,41483,41483
INV_203,35,560751,207643,60,40,10,Balanced,124585,83057
INV_204,57,356404,39346,40,60,5,Balanced,15738,23607
INV_205,38,179495,21175,50,50,15,Conservative,10587,10587
INV_206,30,386636,137737,40,60,10,Balanced,55094,82642
INV_207,53,281418,35891,60,40,5,Aggressive,21534,14356
INV_208,33,412375,63227,80,20,5,Balanced,50581,12645
INV_209,44,260584,67665,70,30,5,Conservative,47365,20299
INV_210,40,584647,85091,60,40,10,Balanced,51054,34036
INV_211,57,312026,64812,30,70,5,Aggressive,19443,45368
INV_212,56,252649,43703,50,50,2,Conservative,21851,21851
INV_213,44,509337,181858,60,40,10,Balanced,109114,72743
INV_214,27,575697,93639,50,50,20,Conservative,46819,46819
INV_215,53,588088,176900,30,70,5,Balanced,53070,123830
INV_216,56,402311,132515,30,70,2,Conservative,39754,92760
INV_217,46,719508,196496,60,40,8,Balanced,117897,78598
INV_218,29,248539,54404,80,20,20,Balanced,43523,10880
INV_219,52,543798,85678,50,50,8,Balanced,42839,42839
INV_220,47,240856,49527,30,70,2,Balanced,14858,34668
INV_221,33,1331248,362355,70,30,15,Balanced,253648,108706
INV_222,47,186700,73512,50,50,5,Conservative,36756,36756
INV_223,33,346834,78836,30,70,5,Balanced,23650,55185
INV_224,57,406299,59260,80,20,5,Balanced,47408,11852
INV_225,51,534885,116144,50,50,2,Conservative,58072,58072
INV_226,54,450116,93902,50,50,2,Conservative,46951,46951
INV_227,47,446375,129724,40,60,2,Balanced,51889,77834
INV_228,41,220364,34759,60,40,5,Balanced,20855,13903
INV_229,33,657693,232760,50,50,10,Balanced,116380,116380
INV_230,58,514718,161209,80,20,5,Balanced,128967,32241
INV_231,47,268569,98889,50,50,5,Balanced,49444,49444
INV_232,35,319585,102370,30,70,15,Conservative,30711,71659
INV_233,50,504961,60594,40,60,5,Aggressive,24237,36356
INV_234,38,733146,200780,80,20,10,Conservative,160624,40156
INV_235,55,169946,66726,70,30,8,Aggressive,46708,20017
INV_236,51,324843,128840,50,50,2,Conservative,64420,64420
INV_237,25,618631,204327,50,50,15,Conservative,102163,102163
INV_238,53,832418,178834,60,40,2,Conservative,107300,71533
INV_239,59,213514,74910,30,70,8,Conservative,22473,52437
INV_240,58,364019,116242,50,50,5,Aggressive,58121,58121
INV_241,36,509164,113190,70,30,10,Conservative,79233,33957
INV_242,36,667669,154271,60,40,10,Balanced,92562,61708
INV_243,27,781002,256201,60,40,20,Conservative,153720,102480
INV_244,42,279564,76558,60,40,5,Conservative,45934,30623
INV_245,34,547949,212422,80,20,15,Balanced,169937,42484
INV_246,58,738169,248451,40,60,5,Balanced,99380,149070
INV_247,47,398981,108572,50,50,8,Balanced,54286,54286
INV_248,33,336706,55634,40,60,10,Aggressive,22253,33380
INV_249,44,364063,48988,50,50,5,Conservative,24494,24494
INV_250,23,396795,46713,40,60,25,Balanced,18685,28027
INV_251,52,736822,257240,60,40,2,Conservative,154344,102896
INV_252,39,387809,86094,80,20,5,Conservative,68875,17218
INV_253,43,494845,86721,40,60,15,Conservative,34688,52032
INV_254,26,442709,81061,60,40,20,Balanced,48636,32424
INV_255,55,305630,72260,50,50,2,Balanced,36130,36130
INV_256,47,556692,66148,80,20,2,Balanced,52918,13229
INV_257,55,221410,56805,30,70,2,Balanced,17041,39763
INV_258,40,463549,141514,70,30,10,Balanced,99059,42454
INV_259,44,458307,88140,30,70,10,Conservative,26442,61698
INV_260,25,905078,202636,60,40,10,Balanced,121581,81054
INV_261,59,192933,75371,30,70,2,Balanced,22611,52759
INV_262,55,519116,205516,60,40,2,Conservative,123309,82206
INV_263,55,655767,95738,70,30,5,Balanced,67016,28721
INV_264,56,431559,123978,60,40,5,Aggressive,74386,49591
INV_265,24,509610,130762,40,60,10,Conservative,52304,78457
INV_266,56,647169,98535,50,50,5,Balanced,49267,49267
INV_267,45,748063,176011,60,40,2,Aggressive,105606,70404
INV_268,31,652895,208385,70,30,15,Balanced,145869,62515
INV_269,32,216291,60939,70,30,5,Conservative,42657,18281
INV_270,31,309322,111515,80,20,10,Conservative,89212,22303
INV_271,44,594289,117918,40,60,5,Conservative,47167,70750
INV_272,31,155408,54265,30,70,10,Conservative,16279,37985
INV_273,38,480147,177420,40,60,10,Balanced,70968,106452
INV_274,27,677532,251799,70,30,20,Conservative,176259,75539
INV_275,59,186675,45791,50,50,2,Conservative,22895,22895
INV_276,43,210512,68875,40,60,5,Conservative,27550,41325
INV_277,27,762491,259442,60,40,25,Balanced,155665,103776
INV_278,32,545594,163627,60,40,10,Balanced,98176,65450
INV_279,58,362787,70498,30,70,8,Conservative,21149,49348
INV_280,56,595077,197653,30,70,5,Balanced,59295,138357
INV_281,37,167327,50211,40,60,15,Balanced,20084,30126
INV_282,30,295836,54650,60,40,10,Aggressive,32790,21860
INV_283,58,770094,266647,80,20,2,Balanced,213317,53329
INV_284,41,374402,113710,50,50,5,Conservative,56855,56855
INV_285,47,261066,53945,50,50,8,Balanced,26972,26972
INV_286,39,380393,137583,50,50,10,Conservative,68791,68791
INV_287,50,278156,28756,60,40,8,Conservative,17253,11502
INV_288,22,382678,61728,60,40,20,Balanced,37036,24691
INV_289,46,382461,90230,70,30,2,Conservative,63161,27069
INV_290,48,374454,99583,30,70,2,Conservative,29874,69708
INV_291,34,352062,78740,50,50,10,Conservative,39370,39370
INV_292,44,352340,134884,50,50,10,Balanced,67442,67442
INV_293,41,338179,120474,40,60,5,Aggressive,48189,72284
INV_294,58,342057,54407,80,20,5,Balanced,43525,10881
INV_295,50,435451,95576,60,40,2,Aggressive,57345,38230
INV_296,28,234621,40918,70,30,15,Aggressive,28642,12275
INV_297,28,719872,217808,40,60,20,Balanced,87123,130684
INV_298,34,425235,77348,40,60,10,Balanced,30939,46408
INV_299,51,320552,80020,50,50,2,Balanced,40010,40010
INV_300,27,616681,131149,60,40,25,Balanced,78689,52459
INV_301,39,542689,210226,50,50,10,Conservative,105113,105113
INV_302,55,295343,66405,50,50,2,Aggressive,33202,33202
INV_303,41,275884,87423,30,70,5,Conservative,26226,61196
INV_304,47,943580,161506,40,60,5,Balanced,64602,96903
INV_305,48,630657,117384,70,30,5,Balanced,82168,35215
INV_306,44,629389,192249,50,50,10,Conservative,96124,96124
INV_307,39,241329,32472,40,60,5,Aggressive,12988,19483
INV_308,42,498646,157879,80,20,15,Conservative,126303,31575
INV_309,59,157927,43614,50,50,8,Conservative,21807,21807
INV_310,54,229138,77845,30,70,5,Conservative,23353,54491
INV_311,30,715822,156053,30,70,5,Conservative,46815,109237
INV_312,53,225960,42180,80,20,8,Balanced,33744,8436
INV_313,35,422448,152204,60,40,5,Balanced,91322,60881
INV_314,40,708321,209096,50,50,10,Conservative,104548,104548
INV_315,43,488931,102827,30,70,10,Conservative,30848,71978
INV_316,50,133996,38010,40,60,2,Aggressive,15204,22806
INV_317,22,526795,119965,80,20,25,Balanced,95972,23993
INV_318,46,326122,90983,50,50,2,Balanced,45491,45491
INV_319,33,624943,121668,60,40,10,Conservative,73000,48667
INV_320,40,226417,31513,60,40,5,Conservative,18907,12605
INV_321,55,314098,59031,30,70,8,Conservative,17709,41321
INV_322,31,670176,201060,50,50,10,Conservative,100530,100530
INV_323,34,877366,348338,50,50,5,Conservative,174169,174169
INV_324,28,545916,129223,50,50,20,Conservative,64611,64611
INV_325,38,616258,155077,60,40,10,Balanced,93046,62030
INV_326,30,266099,95030,70,30,15,Aggressive,66521,28509
INV_327,21,875605,150215,40,60,25,Balanced,60086,90129
INV_328,44,791020,118816,50,50,15,Balanced,59408,59408
INV_329,40,423639,124017,80,20,5,Balanced,99213,24803
INV_330,32,678762,175880,50,50,15,Aggressive,87940,87940
INV_331,53,364435,132204,80,20,2,Aggressive,105763,26440
INV_332,43,621699,209638,70,30,15,Balanced,146746,62891
INV_333,48,282967,58490,70,30,2,Balanced,40943,17547
INV_334,30,1162359,361408,70,30,10,Aggressive,252985,108422
INV_335,55,1341022,422118,50,50,5,Conservative,211059,211059
INV_336,53,368347,101566,40,60,5,Aggressive,40626,60939
INV_337,59,940892,206713,50,50,2,Conservative,103356,103356
INV_338,26,302124,78016,30,70,25,Balanced,23404,54611
INV_339,39,585756,191726,30,70,10,Conservative,57517,134208
INV_340,39,402622,133426,30,70,5,Conservative,40027,93398
INV_341,25,397892,73653,70,30,10,Balanced,51557,22095
INV_342,30,521915,162293,50,50,15,Balanced,81146,81146
INV_343,43,674931,98479,40,60,10,Balanced,39391,59087
INV_344,21,497648,137516,70,30,20,Balanced,96261,41254
INV_345,25,313758,104241,70,30,20,Aggressive,72968,31272
INV_346,52,396248,123488,70,30,2,Aggressive,86441,37046
INV_347,30,244233,60981,30,70,5,Conservative,18294,42686
INV_348,52,597450,61053,50,50,5,Balanced,30526,30526
INV_349,52,839923,189499,40,60,5,Balanced,75799,113699
INV_350,51,276583,55084,60,40,2,Balanced,33050,22033
INV_351,51,879384,260006,30,70,5,Balanced,78001,182004
INV_352,40,438900,58885,70,30,15,Balanced,41219,17665
INV_353,46,455600,72888,50,50,8,Balanced,36444,36444
INV_354,27,588362,79508,50,50,15,Balanced,39754,39754
INV_355,40,417584,106207,30,70,5,Conservative,31862,74344
INV_356,43,656517,133633,40,60,10,Conservative,53453,80179
INV_357,36,770266,220749,40,60,5,Aggressive,88299,132449
INV_358,32,311582,40909,60,40,15,Balanced,24545,16363
INV_359,30,460057,132778,50,50,10,Aggressive,66389,66389
INV_360,45,575357,199284,60,40,2,Conservative,119570,79713
INV_361,47,582126,86044,60,40,2,Conservative,51626,34417
INV_362,26,336879,68960,80,20,15,Balanced,55168,13792
INV_363,58,521670,130023,50,50,2,Conservative,65011,65011
INV_364,23,300688,94496,40,60,25,Balanced,37798,56697
INV_365,57,311357,72746,40,60,8,Conservative,29098,43647
INV_366,53,472532,160028,60,40,2,Conservative,96016,64011
INV_367,41,685870,75081,80,20,5,Conservative,60064,15016
INV_368,46,360602,140246,40,60,8,Aggressive,56098,84147
INV_369,59,373862,40849,40,60,5,Conservative,16339,24509
INV_370,50,468530,93141,60,40,5,Aggressive,55884,37256
INV_371,57,219583,46519,50,50,2,Aggressive,23259,23259
INV_372,26,521724,109026,50,50,15,Balanced,54513,54513
INV_373,53,334800,55442,30,70,2,Balanced,16632,38809
INV_374,32,222320,39618,80,20,10,Aggressive,31694,7923
INV_375,23,763165,286090,40,60,15,Balanced,114436,171654
INV_376,25,476170,112669,70,30,15,Balanced,78868,33800
INV_377,37,1296076,160658,40,60,15,Balanced,64263,96394
INV_378,44,772845,278348,70,30,10,Aggressive,194843,83504
INV_379,50,455692,68244,60,40,5,Conservative,40946,27297
INV_380,55,695784,167390,50,50,5,Conservative,83695,83695
INV_381,28,831109,311993,70,30,10,Balanced,218395,93597
INV_382,59,724673,83007,60,40,2,Balanced,49804,33202
INV_383,53,625205,233490,60,40,5,Aggressive,140094,93396
INV_384,43,612698,94412,50,50,5,Balanced,47206,47206
INV_385,52,383269,94580,60,40,5,Aggressive,56748,37832
INV_386,43,556722,100005,40,60,15,Aggressive,40002,60003
INV_387,26,368389,39018,60,40,20,Aggressive,23410,15607
INV_388,56,453152,75196,60,40,2,Aggressive,45117,30078
INV_389,55,592646,146238,70,30,2,Balanced,102366,43871
INV_390,34,396340,53293,70,30,10,Balanced,37305,15987
INV_391,55,672245,224410,50,50,5,Balanced,112205,112205
INV_392,45,325764,38516,40,60,2,Conservative,15406,23109
INV_393,40,223769,76664,40,60,10,Conservative,30665,45998
INV_394,57,540569,165408,50,50,5,Aggressive,82704,82704
INV_395,47,265375,29888,70,30,8,Balanced,20921,8966
INV_396,52,729954,206940,40,60,2,Balanced,82776,124164
INV_397,33,217827,55210,60,40,5,Aggressive,33126,22084
INV_398,41,867779,129310,60,40,10,Balanced,77586,51724
INV_399,40,652846,95164,70,30,5,Balanced,66614,28549
INV_400,41,804399,144240,50,50,15,Aggressive,72120,72120
INV_401,40,554442,87750,30,70,10,Conservative,26325,61425
INV_402,46,490541,195073,30,70,2,Balanced,58521,136551
INV_403,26,374218,131693,60,40,20,Balanced,79015,52677
INV_404,33,619550,140885,30,70,5,Balanced,42265,98619
INV_405,30,479412,76052,60,40,10,Balanced,45631,30420
INV_406,39,265956,64207,50,50,15,Balanced,32103,32103
INV_407,41,268203,81186,60,40,5,Balanced,48711,32474
INV_408,41,303500,54340,60,40,5,Balanced,32604,21736
INV_409,44,700239,157974,60,40,10,Conservative,94784,63189
INV_410,42,325869,50545,50,50,10,Balanced,25272,25272
INV_411,37,823038,122203,70,30,10,Conservative,85542,36660
INV_412,26,449259,68976,80,20,25,Balanced,55180,13795
INV_413,54,1226838,280308,60,40,2,Balanced,168184,112123
INV_414,50,209054,29784,50,50,5,Balanced,14892,14892
INV_415,48,1013588,377887,70,30,5,Balanced,264520,113366
INV_416,30,495305,50422,40,60,5,Aggressive,20168,30253
INV_417,25,197481,68234,80,20,10,Balanced,54587,13646
INV_418,54,756244,136775,80,20,2,Balanced,109420,27355
INV_419,44,298456,60908,60,40,10,Balanced,36544,24363
INV_420,32,328627,37213,60,40,15,Aggressive,22327,14885
INV_421,29,366654,87878,60,40,10,Balanced,52726,35151
INV_422,52,624424,167583,70,30,2,Aggressive,117308,50274
INV_423,56,1076463,185019,40,60,5,Balanced,74007,111011
INV_424,27,424040,65745,70,30,15,Conservative,46021,19723
INV_425,45,576517,63875,70,30,5,Balanced,44712,19162
INV_426,46,422744,132553,70,30,2,Aggressive,92787,39765
INV_427,51,439270,175056,50,50,2,Balanced,87528,87528
INV_428,28,301160,98831,30,70,15,Conservative,29649,69181
INV_429,43,329492,53427,40,60,5,Aggressive,21370,32056
INV_430,33,311780,123076,30,70,10,Balanced,36922,86153
INV_431,58,1602913,498150,60,40,5,Aggressive,298890,199260
INV_432,28,624864,233890,80,20,10,Balanced,187112,46778
INV_433,44,626757,187129,60,40,10,Conservative,112277,74851
INV_434,43,430377,150845,60,40,5,Aggressive,90507,60338
INV_435,58,384364,128303,30,70,5,Conservative,38490,89812
INV_436,56,216709,78538,60,40,2,Balanced,47122,31415
INV_437,32,798687,271281,50,50,10,Balanced,135640,135640
INV_438,57,415970,56172,40,60,2,Balanced,22468,33703
INV_439,38,432170,55233,30,70,5,Conservative,16569,38663
INV_440,52,555061,215998,60,40,2,Balanced,129598,86399
INV_441,26,613797,150637,50,50,10,Balanced,75318,75318
INV_442,37,444357,164609,30,70,5,Conservative,49382,115226
INV_443,38,1096844,314568,60,40,5,Balanced,188740,125827
INV_444,34,341320,110603,60,40,15,Balanced,66361,44241
INV_445,49,1254475,273827,50,50,2,Balanced,136913,136913
INV_446,37,591086,158350,40,60,15,Conservative,63340,95010
INV_447,44,429250,105632,50,50,5,Conservative,52816,52816
INV_448,52,175116,46791,70,30,2,Balanced,32753,14037
INV_449,21,383643,51754,60,40,25,Balanced,31052,20701
INV_450,51,341460,114962,50,50,5,Conservative,57481,57481
INV_451,56,578022,120132,30,70,5,Balanced,36039,84092
INV_452,39,637803,87313,80,20,10,Balanced,69850,17462
INV_453,34,477941,72798,50,50,5,Conservative,36399,36399
INV_454,46,475997,162194,30,70,2,Conservative,48658,113535
INV_455,53,401339,97252,40,60,2,Balanced,38900,58351
INV_456,31,489054,108962,70,30,10,Aggressive,76273,32688
INV_457,44,976915,274176,40,60,5,Balanced,109670,164505
INV_458,52,269754,96923,60,40,8,Balanced,58153,38769
INV_459,30,364770,95615,60,40,5,Balanced,57369,38246
INV_460,27,268791,73325,60,40,20,Aggressive,43995,29330
INV_461,52,741214,176915,60,40,5,Balanced,106149,70766
INV_462,41,314545,79904,30,70,10,Balanced,23971,55932
INV_463,51,196734,25389,50,50,2,Balanced,12694,12694
INV_464,51,474260,64206,60,40,2,Balanced,38523,25682
INV_465,49,493220,56286,40,60,5,Balanced,22514,33771
INV_466,28,343945,112308,80,20,25,Balanced,89846,22461
INV_467,37,143849,54900,50,50,5,Conservative,27450,27450
INV_468,23,286694,91320,60,40,20,Conservative,54792,36528
INV_469,49,244962,51485,80,20,2,Balanced,41188,10297
INV_470,38,453501,121241,80,20,5,Aggressive,96992,24248
INV_471,27,456043,153508,50,50,10,Aggressive,76754,76754
INV_472,23,370867,50605,30,70,10,Conservative,15181,35423
INV_473,59,831975,100414,60,40,5,Balanced,60248,40165
INV_474,35,330056,105341,60,40,10,Balanced,63204,42136
INV_475,23,909655,155640,50,50,10,Balanced,77820,77820
INV_476,49,804822,222426,30,70,5,Conservative,66727,155698
INV_477,52,736794,244025,50,50,2,Balanced,122012,122012
INV_478,48,403366,74426,30,70,8,Aggressive,22327,52098
INV_479,39,285528,51026,60,40,5,Balanced,30615,20410
INV_480,43,608172,155781,50,50,10,Balanced,77890,77890
INV_481,39,820726,303159,40,60,5,Balanced,121263,181895
INV_482,42,697962,125004,60,40,10,Balanced,75002,50001
INV_483,54,266117,99820,40,60,2,Balanced,39928,59892
INV_484,29,153751,17451,60,40,25,Balanced,10470,6980
INV_485,48,574553,176903,30,70,2,Balanced,53070,123832
INV_486,45,290932,104744,70,30,2,Balanced,73320,31423
INV_487,25,588566,175027,30,70,15,Conservative,52508,122518
INV_488,55,309518,56904,40,60,5,Aggressive,22761,34142
INV_489,33,931613,196724,30,70,15,Conservative,59017,137706
INV_490,54,908170,248369,60,40,5,Aggressive,149021,99347
INV_491,29,369214,85991,40,60,15,Balanced,34396,51594
INV_492,23,667288,167584,50,50,15,Aggressive,83792,83792
INV_493,42,397134,83393,60,40,15,Balanced,50035,33357
INV_494,41,310574,46880,50,50,15,Balanced,23440,23440
INV_495,45,295434,59368,60,40,5,Balanced,35620,23747
INV_496,56,587252,219572,50,50,2,Conservative,109786,109786
INV_497,35,556481,202103,70,30,5,Conservative,141472,60630
INV_498,55,492482,95938,50,50,8,Conservative,47969,47969
INV_499,36,414424,88737,70,30,10,Balanced,62115,26621
INV_500,51,702734,123413,50,50,5,Balanced,61706,61706
INV_501,47,431952,58137,40,60,8,Balanced,23254,34882
INV_502,43,483126,90747,60,40,15,Balanced,54448,36298
INV_503,39,620793,101424,60,40,10,Conservative,60854,40569
INV_504,25,390655,41825,30,70,25,Conservative,12547,29277
INV_505,53,441067,76628,80,20,2,Balanced,61302,15325
INV_506,50,166997,25801,40,60,8,Conservative,10320,15480
INV_507,39,655150,242340,40,60,10,Conservative,96936,145404
INV_508,38,305579,59540,30,70,5,Balanced,17862,41678
INV_509,47,486667,115284,30,70,2,Balanced,34585,80698
INV_510,49,635585,78143,80,20,5,Balanced,62514,15628
INV_511,37,357507,84267,50,50,10,Conservative,42133,42133
INV_512,49,387846,52665,30,70,2,Balanced,15799,36865
INV_513,21,129567,15143,50,50,20,Conservative,7571,7571
INV_514,56,222106,77575,70,30,2,Balanced,54302,23272
INV_515,52,424984,157369,50,50,5,Balanced,78684,78684
INV_516,51,521822,159759,60,40,8,Balanced,95855,63903
INV_517,53,240702,52982,60,40,8,Aggressive,31789,21192
INV_518,55,703212,193245,30,70,2,Balanced,57973,135271
INV_519,23,323826,67775,50,50,25,Balanced,33887,33887
INV_520,58,352174,116246,60,40,5,Conservative,69747,46498
INV_521,27,832572,127135,50,50,20,Conservative,63567,63567
INV_522,58,463310,71479,70,30,8,Conservative,50035,21443
INV_523,30,386775,56098,70,30,10,Conservative,39268,16829
INV_524,38,275897,72425,40,60,5,Balanced,28970,43455
INV_525,57,160295,61739,60,40,5,Aggressive,37043,24695
INV_526,39,205603,80069,80,20,15,Balanced,64055,16013
INV_527,52,471054,107098,40,60,2,Conservative,42839,64258
INV_528,49,530781,57056,60,40,5,Aggressive,34233,22822
INV_529,44,306060,64995,70,30,10,Balanced,45496,19498
INV_530,24,465921,182673,70,30,15,Aggressive,127871,54801
INV_531,33,295735,69053,80,20,10,Conservative,55242,13810
INV_532,56,417259,161387,50,50,2,Aggressive,80693,80693
INV_533,40,234544,82532,40,60,5,Aggressive,33012,49519
INV_534,36,400792,118336,60,40,10,Balanced,71001,47334
INV_535,42,486720,165018,60,40,5,Balanced,99010,66007
INV_536,54,294501,73892,50,50,5,Balanced,36946,36946
INV_537,28,270050,93541,70,30,25,Balanced,65478,28062
INV_538,46,567879,195027,70,30,2,Aggressive,136518,58508
INV_539,29,1210378,246761,50,50,15,Balanced,123380,123380
INV_540,39,356518,40799,50,50,15,Balanced,20399,20399
INV_541,37,866475,167619,40,60,15,Balanced,67047,100571
INV_542,35,325736,47036,60,40,10,Balanced,28221,18814
INV_543,54,262168,30828,40,60,2,Balanced,12331,18496
INV_544,48,397254,92950,80,20,2,Conservative,74360,18590
INV_545,58,710996,203565,60,40,5,Aggressive,122139,81426
INV_546,42,620371,234321,60,40,10,Balanced,140592,93728
INV_547,29,481688,191883,60,40,25,Conservative,115129,76753
INV_548,55,945273,226934,60,40,2,Aggressive,136160,90773
INV_549,47,620184,96087,70,30,5,Conservative,67260,28826
INV_550,30,100505,15358,70,30,15,Balanced,10750,4607
INV_551,51,212818,53150,30,70,8,Balanced,15945,37205
INV_552,46,441512,106333,50,50,5,Balanced,53166,53166
INV_553,52,637313,253188,50,50,5,Balanced,126594,126594
INV_554,22,356597,126842,80,20,25,Balanced,101473,25368
INV_555,42,551189,68072,70,30,10,Balanced,47650,20421
INV_556,34,374249,68711,60,40,10,Conservative,41226,27484
INV_557,53,494179,82529,40,60,8,Conservative,33011,49517
INV_558,41,847810,309014,50,50,10,Conservative,154507,154507
INV_559,38,213722,49906,50,50,15,Balanced,24953,24953
INV_560,33,1191482,163865,50,50,10,Balanced,81932,81932
INV_561,26,260849,51438,60,40,10,Balanced,30862,20575
INV_562,44,344976,81743,80,20,5,Balanced,65394,16348
INV_563,24,322744,104050,80,20,25,Balanced,83240,20810
INV_564,34,390818,96711,60,40,5,Balanced,58026,38684
INV_565,45,595165,167671,40,60,5,Conservative,67068,100602
INV_566,45,410541,125158,50,50,2,Aggressive,62579,62579
INV_567,58,568553,131390,40,60,5,Balanced,52556,78834
INV_568,45,424231,96717,40,60,8,Conservative,38686,58030
INV_569,46,442408,96789,40,60,2,Balanced,38715,58073
INV_570,59,562406,174011,70,30,2,Balanced,121807,52203
INV_571,26,292786,72086,50,50,10,Conservative,36043,36043
INV_572,47,356446,119363,60,40,2,Balanced,71617,47745
INV_573,38,455620,48291,50,50,5,Balanced,24145,24145
INV_574,27,230091,49123,60,40,15,Aggressive,29473,19649
INV_575,22,330902,92923,60,40,25,Balanced,55753,37169
INV_576,48,704966,203750,70,30,5,Conservative,142625,61125
INV_577,48,398442,60384,50,50,2,Balanced,30192,30192
INV_578,38,1083205,354781,50,50,5,Balanced,177390,177390
INV_579,41,223843,28320,60,40,10,Balanced,16992,11328
INV_580,37,586399,174781,50,50,10,Conservative,87390,87390
INV_581,47,344323,124874,40,60,5,Balanced,49949,74924
INV_582,21,263179,42397,50,50,10,Conservative,21198,21198
INV_583,54,502505,196524,50,50,5,Balanced,98262,98262
INV_584,39,418292,46189,70,30,10,Balanced,32332,13856
INV_585,54,444666,165985,30,70,2,Conservative,49795,116189
INV_586,46,363489,71473,60,40,2,Conservative,42883,28589
INV_587,41,635062,193283,50,50,5,Conservative,96641,96641
INV_588,29,647477,98477,60,40,25,Balanced,59086,39390
INV_589,54,513149,70232,70,30,5,Balanced,49162,21069
INV_590,41,397571,46990,50,50,5,Conservative,23495,23495
INV_591,41,210569,50322,70,30,5,Balanced,35225,15096
INV_592,30,174790,57698,80,20,10,Conservative,46158,11539
INV_593,58,683548,204093,50,50,8,Balanced,102046,102046
INV_594,58,678623,80717,60,40,2,Conservative,48430,32286
INV_595,53,305264,78295,60,40,5,Conservative,46977,31318
INV_596,24,776168,121212,40,60,10,Aggressive,48484,72727
INV_597,30,822414,186349,60,40,15,Conservative,111809,74539
INV_598,30,1034529,388520,50,50,5,Balanced,194260,194260
INV_599,46,256244,89185,80,20,2,Conservative,71348,17837
INV_600,55,424000,84068,40,60,2,Aggressive,33627,50440
INV_601,24,525064,182424,60,40,20,Balanced,109454,72969
INV_602,56,202219,73226,60,40,2,Balanced,43935,29290
INV_603,46,201128,25870,50,50,5,Conservative,12935,12935
INV_604,28,871732,154987,70,30,25,Balanced,108490,46496
INV_605,25,380007,62847,40,60,20,Balanced,25138,37708
INV_606,58,1190975,241142,50,50,8,Aggressive,120571,120571
INV_607,28,426176,167229,60,40,20,Conservative,100337,66891
INV_608,32,534036,107731,40,60,10,Balanced,43092,64638
INV_609,29,216829,74833,30,70,25,Balanced,22449,52383
INV_610,49,918120,299823,60,40,5,Balanced,179893,119929
INV_611,54,328207,68212,70,30,2,Aggressive,47748,20463
INV_612,57,192925,29099,60,40,8,Balanced,17459,11639
INV_613,45,1051196,200975,70,30,8,Conservative,140682,60292
INV_614,24,908980,104580,60,40,15,Balanced,62748,41832
INV_615,56,172469,28915,60,40,5,Conservative,17349,11566
INV_616,26,154965,19081,40,60,20,Balanced,7632,11448
INV_617,36,244731,56602,70,30,15,Balanced,39621,16980
INV_618,42,224121,70344,70,30,5,Balanced,49240,21103
INV_619,58,287417,89913,60,40,2,Conservative,53947,35965
INV_620,58,397748,81979,70,30,2,Balanced,57385,24593
INV_621,43,516613,68878,40,60,15,Aggressive,27551,41326
INV_622,48,220606,73077,50,50,2,Balanced,36538,36538
INV_623,36,525936,167975,40,60,5,Balanced,67190,100785
INV_624,40,423467,160257,40,60,10,Conservative,64102,96154
INV_625,23,508720,69830,70,30,10,Aggressive,48881,20949
INV_626,53,687974,267155,70,30,2,Balanced,187008,80146
INV_627,21,318238,94677,50,50,15,Conservative,47338,47338
INV_628,28,184279,32509,70,30,25,Conservative,22756,9752
INV_629,53,643359,237205,50,50,2,Aggressive,118602,118602
INV_630,48,878323,90478,50,50,5,Balanced,45239,45239
INV_631,22,512197,102318,50,50,15,Balanced,51159,51159
INV_632,37,383732,70421,80,20,10,Balanced,56336,14084
INV_633,28,341908,43035,50,50,20,Conservative,21517,21517
INV_634,33,771417,90490,70,30,15,Balanced,63343,27147
INV_635,59,238851,76345,50,50,2,Balanced,38172,38172
INV_636,52,127750,40020,50,50,5,Conservative,20010,20010
INV_637,28,284927,107053,30,70,15,Conservative,32115,74937
INV_638,42,290894,112189,80,20,15,Aggressive,89751,22437
INV_639,33,562871,141016,50,50,5,Balanced,70508,70508
INV_640,58,387493,119573,60,40,8,Conservative,71743,47829
INV_641,41,206731,65232,30,70,5,Balanced,19569,45662
INV_642,57,533499,208584,70,30,2,Conservative,146008,62575
INV_643,22,662209,226638,30,70,10,Aggressive,67991,158646
INV_644,34,534138,109316,60,40,10,Conservative,65589,43726
INV_645,57,299325,30680,40,60,5,Balanced,12272,18408
INV_646,24,189767,27245,70,30,15,Balanced,19071,8173
INV_647,25,533433,142648,60,40,15,Conservative,85588,57059
INV_648,54,620773,211709,70,30,5,Balanced,148196,63512
INV_649,37,589241,192169,80,20,15,Aggressive,153735,38433
INV_650,52,726498,205048,30,70,8,Conservative,61514,143533
INV_651,35,1696164,208323,30,70,15,Aggressive,62496,145826
INV_652,27,168534,37021,50,50,15,Conservative,18510,18510
INV_653,34,183418,33199,40,60,10,Aggressive,13279,19919
INV_654,58,589441,171278,50,50,5,Aggressive,85639,85639
INV_655,51,154949,58370,50,50,2,Aggressive,29185,29185
INV_656,43,872534,344623,50,50,10,Balanced,172311,172311
INV_657,59,661681,141507,40,60,5,Aggressive,56602,84904
INV_658,37,313513,125349,40,60,10,Balanced,50139,75209
INV_659,53,204347,73688,70,30,8,Balanced,51581,22106
INV_660,27,222218,78942,30,70,10,Conservative,23682,55259
INV_661,23,354212,115678,30,70,20,Aggressive,34703,80974
INV_662,42,612127,200774,80,20,10,Balanced,160619,40154
INV_663,34,269672,96050,60,40,10,Aggressive,57630,38420
INV_664,52,276255,34308,70,30,5,Conservative,24015,10292
INV_665,54,569106,175371,60,40,8,Aggressive,105222,70148
INV_666,32,326853,36829,60,40,5,Aggressive,22097,14731
INV_667,48,605167,239739,30,70,5,Balanced,71921,167817
INV_668,23,506398,121620,50,50,20,Balanced,60810,60810
INV_669,34,307160,52316,40,60,5,Balanced,20926,31389
INV_670,52,764127,159398,40,60,5,Balanced,63759,95638
INV_671,35,161452,30468,50,50,10,Conservative,15234,15234
INV_672,34,795077,128222,60,40,10,Conservative,76933,51288
INV_673,36,673477,206676,30,70,5,Balanced,62002,144673
INV_674,56,384881,146854,40,60,2,Aggressive,58741,88112
INV_675,38,806291,173474,50,50,5,Balanced,86737,86737
INV_676,25,389745,89649,30,70,20,Balanced,26894,62754
INV_677,51,364806,94237,70,30,2,Balanced,65965,28271
INV_678,47,248229,58810,40,60,5,Conservative,23524,35286
INV_679,56,344159,106490,30,70,2,Balanced,31947,74543
INV_680,49,337209,107310,50,50,2,Conservative,53655,53655
INV_681,37,937924,134193,80,20,15,Conservative,107354,26838
INV_682,50,394025,118448,50,50,2,Balanced,59224,59224
INV_683,51,355413,70843,40,60,5,Balanced,28337,42505
INV_684,44,398063,112945,50,50,5,Conservative,56472,56472
INV_685,44,279181,45950,60,40,15,Conservative,27570,18380
INV_686,47,239622,50908,60,40,5,Conservative,30544,20363
INV_687,30,319065,35988,50,50,10,Balanced,17994,17994
INV_688,39,657995,88225,30,70,5,Balanced,26467,61757
INV_689,43,190823,70096,70,30,5,Conservative,49067,21028
INV_690,24,458827,81099,60,40,15,Balanced,48659,32439
INV_691,30,374916,125691,80,20,10,Balanced,100552,25138
INV_692,47,990995,296869,30,70,5,Balanced,89060,207808
INV_693,57,608492,241120,30,70,5,Balanced,72336,168784
INV_694,33,462625,145995,30,70,10,Balanced,43798,102196
INV_695,44,364499,119200,70,30,15,Conservative,83440,35760
INV_696,54,389027,45777,80,20,5,Conservative,36621,9155
INV_697,48,591622,65975,40,60,8,Balanced,26390,39585
INV_698,40,724682,237423,30,70,10,Balanced,71226,166196
INV_699,59,324403,39357,40,60,8,Balanced,15742,23614
INV_700,57,386668,152999,60,40,2,Balanced,91799,61199
INV_701,54,695386,94612,40,60,2,Conservative,37844,56767
INV_702,38,735005,208809,50,50,5,Balanced,104404,104404
INV_703,48,876807,263606,40,60,2,Balanced,105442,158163
INV_704,31,455517,54139,50,50,10,Conservative,27069,27069
INV_705,59,1073776,277574,60,40,2,Balanced,166544,111029
INV_706,39,397423,95741,80,20,5,Balanced,76592,19148
INV_707,55,489566,52302,80,20,5,Aggressive,41841,10460
INV_708,54,516860,126140,40,60,2,Conservative,50456,75684
INV_709,43,173581,34107,70,30,10,Conservative,23874,10232
INV_710,30,436167,126781,40,60,10,Conservative,50712,76068
INV_711,40,891304,309339,60,40,10,Balanced,185603,123735
INV_712,58,252961,64360,30,70,5,Balanced,19308,45052
INV_713,42,269076,86369,60,40,10,Balanced,51821,34547
INV_714,57,982206,312097,60,40,5,Balanced,187258,124838
INV_715,52,477976,146481,30,70,2,Conservative,43944,102536
INV_716,50,280731,40437,60,40,5,Balanced,24262,16174
INV_717,50,332901,112816,80,20,5,Balanced,90252,22563
INV_718,26,459016,105237,50,50,20,Balanced,52618,52618
INV_719,36,250109,56967,60,40,10,Conservative,34180,22786
INV_720,21,1113152,123847,60,40,15,Conservative,74308,49538
INV_721,56,477834,167905,50,50,8,Conservative,83952,83952
INV_722,42,679101,236552,50,50,5,Conservative,118276,118276
INV_723,31,537749,102332,70,30,10,Balanced,71632,30699
INV_724,28,365791,43105,60,40,15,Conservative,25863,17242
INV_725,56,297975,62719,50,50,5,Aggressive,31359,31359
INV_726,29,1041113,335167,80,20,20,Aggressive,268133,67033
INV_727,48,261276,99442,40,60,5,Balanced,39776,59665
INV_728,27,535953,75734,50,50,25,Balanced,37867,37867
INV_729,39,532357,81132,50,50,10,Aggressive,40566,40566
INV_730,31,588827,191040,60,40,10,Conservative,114624,76416
INV_731,59,316835,97169,40,60,2,Balanced,38867,58301
INV_732,53,249985,85487,60,40,2,Balanced,51292,34194
INV_733,33,509673,185055,80,20,10,Conservative,148044,37011
INV_734,37,279882,36336,60,40,10,Conservative,21801,14534
INV_735,28,430506,137447,40,60,10,Balanced,54978,82468
INV_736,37,368772,96673,50,50,10,Conservative,48336,48336
INV_737,43,630093,179609,40,60,10,Conservative,71843,107765
INV_738,45,664331,128303,30,70,2,Balanced,38490,89812
INV_739,51,332786,55504,50,50,2,Conservative,27752,27752
INV_740,50,399924,123952,50,50,2,Balanced,61976,61976
INV_741,29,996674,289139,50,50,20,Conservative,144569,144569
INV_742,52,395331,132566,70,30,8,Conservative,92796,39769
INV_743,48,320725,77602,40,60,2,Aggressive,31040,46561
INV_744,28,259218,60679,50,50,15,Balanced,30339,30339
INV_745,31,307407,114160,50,50,5,Aggressive,57080,57080
INV_746,27,367464,68224,70,30,15,Conservative,47756,20467
INV_747,32,334091,128819,70,30,5,Conservative,90173,38645
INV_748,34,386978,114421,50,50,10,Conservative,57210,57210
INV_749,44,313267,105019,30,70,10,Aggressive,31505,73513
INV_750,36,474261,61486,50,50,10,Balanced,30743,30743
INV_751,44,467935,145036,50,50,15,Balanced,72518,72518
INV_752,31,496088,74434,60,40,10,Aggressive,44660,29773
INV_753,33,441105,51906,60,40,15,Conservative,31143,20762
INV_754,26,703309,260762,30,70,20,Conservative,78228,182533
INV_755,29,798121,287208,50,50,10,Balanced,143604,143604
INV_756,29,493673,155919,40,60,15,Conservative,62367,93551
INV_757,53,271288,90994,40,60,2,Aggressive,36397,54596
INV_758,55,336310,118760,70,30,2,Balanced,83132,35628
INV_759,35,877779,207379,50,50,15,Aggressive,103689,103689
INV_760,42,504156,116321,80,20,5,Conservative,93056,23264
INV_761,23,174996,19309,50,50,25,Balanced,9654,9654
INV_762,46,297540,89939,30,70,5,Conservative,26981,62957
INV_763,54,281185,86276,80,20,8,Balanced,69020,17255
INV_764,44,812313,307988,40,60,10,Balanced,123195,184792
INV_765,22,222227,51993,40,60,20,Balanced,20797,31195
INV_766,40,288534,103305,70,30,5,Conservative,72313,30991
INV_767,51,249275,40894,70,30,2,Conservative,28625,12268
INV_768,50,371783,119676,40,60,5,Conservative,47870,71805
INV_769,52,399806,65602,50,50,8,Aggressive,32801,32801
INV_770,48,419089,163566,70,30,8,Balanced,114496,49069
INV_771,34,276829,56382,60,40,10,Balanced,33829,22552
INV_772,54,586416,183500,80,20,8,Conservative,146800,36700
INV_773,30,296381,50976,50,50,5,Balanced,25488,25488
INV_774,45,1389930,374087,50,50,5,Balanced,187043,187043
INV_775,36,537275,129838,80,20,10,Conservative,103870,25967
INV_776,58,502268,134409,50,50,8,Conservative,67204,67204
INV_777,55,931876,363737,70,30,2,Conservative,254615,109121
INV_778,58,492072,88251,60,40,2,Balanced,52950,35300
INV_779,44,504133,65849,50,50,10,Balanced,32924,32924
INV_780,30,483593,66694,50,50,15,Balanced,33347,33347
INV_781,55,307883,100400,50,50,2,Balanced,50200,50200
INV_782,50,267120,93381,50,50,2,Conservative,46690,46690
INV_783,21,410018,62294,60,40,20,Aggressive,37376,24917
INV_784,22,625506,147412,70,30,20,Balanced,103188,44223
INV_785,42,791018,274042,40,60,10,Balanced,109616,164425
INV_786,52,178760,53229,50,50,8,Aggressive,26614,26614
INV_787,55,315668,94529,50,50,8,Balanced,47264,47264
INV_788,47,416855,100511,40,60,2,Balanced,40204,60306
INV_789,40,298881,37626,70,30,10,Balanced,26338,11287
INV_790,52,601125,77548,70,30,2,Balanced,54283,23264
INV_791,27,485219,61912,30,70,20,Balanced,18573,43338
INV_792,38,470082,52140,50,50,15,Aggressive,26070,26070
INV_793,43,622991,191415,50,50,15,Balanced,95707,95707
INV_794,27,559722,73652,70,30,25,Conservative,51556,22095
INV_795,47,448568,112929,50,50,2,Balanced,56464,56464
INV_796,42,427351,95186,50,50,15,Aggressive,47593,47593
INV_797,59,336501,130201,40,60,5,Balanced,52080,78120
INV_798,27,542777,166059,60,40,20,Balanced,99635,66423
INV_799,54,266909,29903,60,40,8,Balanced,17941,11961
INV_800,27,227245,89481,70,30,25,Balanced,62636,26844
INV_801,57,987942,174318,50,50,8,Conservative,87159,87159
INV_802,59,483844,55971,70,30,5,Aggressive,39179,16791
INV_803,43,251844,93680,50,50,5,Balanced,46840,46840
INV_804,42,449891,165422,60,40,5,Balanced,99253,66168
INV_805,54,303161,85969,80,20,5,Aggressive,68775,17193
INV_806,58,524327,57210,80,20,5,Conservative,45768,11442
INV_807,53,424781,108718,70,30,2,Aggressive,76102,32615
INV_808,42,580225,112485,40,60,5,Aggressive,44994,67491
INV_809,30,142937,36025,70,30,10,Conservative,25217,10807
INV_810,38,323721,38826,30,70,5,Aggressive,11647,27178
INV_811,36,529113,159543,40,60,5,Conservative,63817,95725
INV_812,47,568219,186333,40,60,2,Conservative,74533,111799
INV_813,52,382919,140875,60,40,2,Aggressive,84525,56350
INV_814,59,719778,147588,70,30,5,Conservative,103311,44276
INV_815,52,235487,37567,60,40,8,Conservative,22540,15026
INV_816,46,730542,282515,50,50,2,Balanced,141257,141257
INV_817,24,608034,206311,30,70,20,Conservative,61893,144417
INV_818,49,100000,11991,50,50,2,Balanced,5995,5995
INV_819,45,494964,73264,40,60,2,Conservative,29305,43958
INV_820,44,457921,154315,40,60,5,Conservative,61726,92589
INV_821,34,217896,83117,40,60,15,Aggressive,33246,49870
INV_822,22,341634,133421,40,60,20,Balanced,53368,80052
INV_823,25,283706,62491,40,60,20,Balanced,24996,37494
INV_824,56,565456,71948,50,50,8,Conservative,35974,35974
INV_825,47,636207,86487,50,50,8,Balanced,43243,43243
INV_826,44,417636,52321,60,40,15,Balanced,31392,20928
INV_827,33,279802,40546,50,50,10,Aggressive,20273,20273
INV_828,34,1891539,667452,60,40,15,Balanced,400471,266980
INV_829,57,494771,173389,40,60,2,Conservative,69355,104033
INV_830,27,1048887,352920,80,20,20,Conservative,282336,70584
INV_831,37,632092,113948,60,40,15,Conservative,68368,45579
INV_832,55,478111,64539,70,30,5,Balanced,45177,19361
INV_833,34,1036329,140045,80,20,15,Aggressive,112036,28009
INV_834,39,160666,51283,60,40,15,Balanced,30769,20513
INV_835,38,654444,224623,60,40,10,Balanced,134773,89849
INV_836,48,634356,107665,30,70,2,Aggressive,32299,75365
INV_837,50,176310,67082,40,60,5,Conservative,26832,40249
INV_838,32,319942,72251,30,70,15,Balanced,21675,50575
INV_839,41,447239,52278,40,60,5,Conservative,20911,31366
INV_840,38,844870,152715,80,20,10,Aggressive,122172,30543
INV_841,37,1070630,174128,60,40,10,Aggressive,104476,69651
INV_842,26,386110,108020,30,70,15,Balanced,32406,75614
INV_843,31,432200,159631,40,60,15,Conservative,63852,95778
INV_844,39,343542,70368,50,50,10,Conservative,35184,35184
INV_845,25,181159,37595,60,40,15,Balanced,22557,15038
INV_846,46,1024726,342870,60,40,2,Aggressive,205722,137148
INV_847,21,133691,45163,40,60,15,Balanced,18065,27097
INV_848,28,144884,16635,50,50,25,Balanced,8317,8317
INV_849,33,604776,154626,80,20,10,Balanced,123700,30925
INV_850,26,213822,67775,60,40,25,Aggressive,40665,27110
INV_851,54,384363,84369,60,40,5,Conservative,50621,33747
INV_852,56,421641,84827,40,60,2,Conservative,33930,50896
INV_853,41,209440,37325,60,40,10,Aggressive,22395,14930
INV_854,42,328532,50260,40,60,5,Aggressive,20104,30156
INV_855,57,178197,26378,50,50,5,Balanced,13189,13189
INV_856,59,847639,309796,60,40,2,Conservative,185877,123918
INV_857,23,100069,29308,60,40,25,Aggressive,17584,11723
INV_858,24,406333,126146,60,40,20,Balanced,75687,50458
INV_859,48,969959,218971,60,40,8,Balanced,131382,87588
INV_860,43,550383,176779,50,50,10,Aggressive,88389,88389
INV_861,22,1123684,301439,30,70,10,Balanced,90431,211007
INV_862,24,416377,86311,70,30,20,Aggressive,60417,25893
INV_863,38,491983,185385,50,50,10,Balanced,92692,92692
INV_864,25,768037,176696,40,60,15,Conservative,70678,106017
INV_865,54,679837,218568,30,70,8,Conservative,65570,152997
INV_866,41,367435,117383,50,50,5,Aggressive,58691,58691
INV_867,26,598985,160029,60,40,10,Balanced,96017,64011
INV_868,28,529943,92290,50,50,20,Balanced,46145,46145
INV_869,44,311907,113821,50,50,10,Aggressive,56910,56910
INV_870,52,746236,134544,50,50,5,Balanced,67272,67272
INV_871,43,276245,83780,50,50,15,Balanced,41890,41890
INV_872,38,455476,131095,50,50,5,Conservative,65547,65547
INV_873,34,798577,217199,40,60,10,Balanced,86879,130319
INV_874,53,367818,131486,40,60,8,Balanced,52594,78891
INV_875,57,423038,78641,70,30,5,Conservative,55048,23592
INV_876,38,552240,172589,40,60,10,Balanced,69035,103553
INV_877,28,517352,80768,60,40,25,Conservative,48460,32307
INV_878,37,620553,112719,70,30,10,Conservative,78903,33815
INV_879,58,349099,93021,30,70,5,Balanced,27906,65114
INV_880,45,399570,97792,60,40,8,Conservative,58675,39116
INV_881,43,441181,145447,70,30,5,Aggressive,101812,43634
INV_882,54,284072,49762,60,40,5,Balanced,29857,19904
INV_883,37,972909,285408,70,30,15,Aggressive,199785,85622
INV_884,38,251574,68310,60,40,15,Aggressive,40986,27324
INV_885,35,1689147,203002,50,50,15,Balanced,101501,101501
INV_886,56,1186866,440401,40,60,2,Balanced,176160,264240
INV_887,23,709466,208701,50,50,10,Balanced,104350,104350
INV_888,50,313343,108486,80,20,2,Conservative,86788,21697
INV_889,55,377674,140859,80,20,5,Balanced,112687,28171
INV_890,56,504455,187288,50,50,8,Conservative,93644,93644
INV_891,44,438503,47504,60,40,15,Conservative,28502,19001
INV_892,26,434124,139375,40,60,10,Conservative,55750,83625
INV_893,58,616093,139294,30,70,8,Conservative,41788,97505
INV_894,52,437884,73530,50,50,2,Balanced,36765,36765
INV_895,30,165073,47220,40,60,10,Conservative,18888,28332
INV_896,50,925236,171218,80,20,2,Conservative,136974,34243
INV_897,57,334439,42272,80,20,5,Balanced,33817,8454
INV_898,25,517025,139300,40,60,15,Balanced,55720,83580
INV_899,43,227662,90193,80,20,10,Aggressive,72154,18038
INV_900,37,209192,35810,50,50,10,Balanced,17905,17905
INV_901,26,503030,156254,30,70,25,Balanced,46876,109377
INV_902,39,214868,50097,40,60,5,Aggressive,20038,30058
INV_903,29,545990,68917,60,40,15,Balanced,41350,27566
INV_904,46,509632,103076,40,60,8,Balanced,41230,61845
INV_905,50,777765,112605,70,30,5,Conservative,78823,33781
INV_906,42,238826,71260,70,30,5,Balanced,49882,21378
INV_907,36,394678,92581,50,50,15,Aggressive,46290,46290
INV_908,57,585685,147647,50,50,5,Balanced,73823,73823
INV_909,47,587855,86768,80,20,8,Balanced,69414,17353
INV_910,57,945947,344576,30,70,8,Aggressive,103372,241203
INV_911,31,238576,76792,50,50,10,Balanced,38396,38396
INV_912,43,394450,84873,60,40,5,Conservative,50923,33949
INV_913,38,311072,105056,80,20,10,Balanced,84044,21011
INV_914,43,227728,34272,60,40,15,Aggressive,20563,13708
INV_915,38,359179,64326,40,60,10,Balanced,25730,38595
INV_916,51,361566,140508,80,20,8,Conservative,112406,28101
INV_917,37,534530,196752,70,30,10,Aggressive,137726,59025
INV_918,39,837583,271649,70,30,5,Aggressive,190154,81494
INV_919,43,326832,127307,70,30,5,Aggressive,89114,38192
INV_920,35,330462,120105,50,50,5,Balanced,60052,60052
INV_921,54,304974,110063,40,60,8,Balanced,44025,66037
INV_922,50,172187,41705,80,20,2,Conservative,33364,8341
INV_923,36,539275,70919,50,50,15,Balanced,35459,35459
INV_924,46,360538,111786,50,50,2,Balanced,55893,55893
INV_925,53,373844,112122,40,60,8,Conservative,44848,67273
INV_926,26,488608,147680,30,70,25,Balanced,44304,103376
INV_927,26,953866,307512,30,70,20,Conservative,92253,215258
INV_928,50,325317,67809,50,50,2,Conservative,33904,33904
INV_929,37,949370,352862,50,50,10,Conservative,176431,176431
INV_930,55,522388,88661,50,50,2,Balanced,44330,44330
INV_931,37,1972911,532849,50,50,5,Conservative,266424,266424
INV_932,48,229502,23264,60,40,5,Balanced,13958,9305
INV_933,41,491182,56227,30,70,10,Balanced,16868,39358
INV_934,58,321948,60231,80,20,5,Conservative,48184,12046
INV_935,23,830446,315166,80,20,10,Conservative,252132,63033
INV_936,38,533258,63471,60,40,10,Balanced,38082,25388
INV_937,56,797450,120949,80,20,2,Aggressive,96759,24189
INV_938,25,785855,295518,30,70,10,Balanced,88655,206862
INV_939,32,687696,182274,80,20,10,Conservative,145819,36454
INV_940,52,756522,212895,60,40,2,Aggressive,127737,85158
INV_941,31,683890,263472,80,20,10,Balanced,210777,52694
INV_942,51,265625,77124,30,70,8,Balanced,23137,53986
INV_943,45,1060151,351448,70,30,2,Balanced,246013,105434
INV_944,46,395350,94440,60,40,8,Balanced,56664,37776
INV_945,55,699526,70377,70,30,2,Aggressive,49263,21113
INV_946,57,520289,144900,50,50,5,Balanced,72450,72450
INV_947,44,255475,72180,40,60,10,Balanced,28872,43308
INV_948,35,849302,202679,60,40,15,Balanced,121607,81071
INV_949,28,824907,142768,30,70,20,Conservative,42830,99937
INV_950,24,440628,92897,50,50,20,Conservative,46448,46448
INV_951,53,1014090,346971,60,40,5,Conservative,208182,138788
INV_952,25,641441,187638,60,40,25,Conservative,112582,75055
INV_953,59,620873,147825,60,40,2,Aggressive,88695,59130
INV_954,47,568025,186009,40,60,2,Balanced,74403,111605
INV_955,24,881755,249252,60,40,25,Balanced,149551,99700
INV_956,57,415359,42842,70,30,5,Balanced,29989,12852
INV_957,51,836544,277309,60,40,5,Conservative,166385,110923
INV_958,25,705758,229360,60,40,15,Conservative,137616,91744
INV_959,34,197408,61038,50,50,10,Balanced,30519,30519
INV_960,52,417276,126524,80,20,5,Aggressive,101219,25304
INV_961,53,788682,143697,70,30,5,Conservative,100587,43109
INV_962,50,164817,57073,50,50,5,Conservative,28536,28536
INV_963,47,279565,29362,80,20,2,Conservative,23489,5872
INV_964,54,435831,71899,80,20,5,Conservative,57519,14379
INV_965,31,164401,46430,60,40,10,Conservative,27858,18572
INV_966,47,377839,74570,60,40,5,Aggressive,44742,29828
INV_967,40,389211,82403,70,30,5,Balanced,57682,24720
INV_968,37,839510,97118,30,70,10,Conservative,29135,67982
INV_969,47,448990,165387,60,40,5,Aggressive,99232,66154
INV_970,53,598171,150373,60,40,5,Balanced,90223,60149
INV_971,51,546989,123917,60,40,2,Aggressive,74350,49566
INV_972,53,367868,87178,40,60,2,Conservative,34871,52306
INV_973,48,742966,262085,70,30,8,Aggressive,183459,78625
INV_974,21,189268,74318,60,40,20,Aggressive,44590,29727
INV_975,37,318390,101250,60,40,10,Conservative,60750,40500
INV_976,34,390362,62122,60,40,15,Aggressive,37273,24848
INV_977,34,365214,79255,40,60,5,Balanced,31702,47553
INV_978,22,1124765,338812,70,30,15,Balanced,237168,101643
INV_979,53,416501,44425,40,60,8,Balanced,17770,26655
INV_980,52,298633,116018,50,50,5,Aggressive,58009,58009
INV_981,57,699274,224041,40,60,5,Balanced,89616,134424
INV_982,51,406099,158715,50,50,2,Balanced,79357,79357
INV_983,40,914220,143112,40,60,10,Balanced,57244,85867
INV_984,58,351112,70658,40,60,8,Balanced,28263,42394
INV_985,44,364472,90324,50,50,10,Balanced,45162,45162
INV_986,55,349382,112736,30,70,5,Conservative,33820,78915
INV_987,21,454179,158997,50,50,20,Conservative,79498,79498
INV_988,25,729228,134119,50,50,10,Conservative,67059,67059
INV_989,32,357888,79041,40,60,10,Balanced,31616,47424
INV_990,45,112991,22066,40,60,2,Aggressive,8826,13239
INV_991,52,274591,60463,50,50,8,Aggressive,30231,30231
INV_992,29,319002,71593,40,60,25,Balanced,28637,42955
INV_993,52,391729,149320,50,50,5,Balanced,74660,74660
INV_994,43,268659,88512,50,50,5,Balanced,44256,44256
INV_995,34,271028,99926,50,50,10,Conservative,49963,49963
INV_996,54,219889,46904,60,40,8,Conservative,28142,18761
INV_997,37,488299,157220,30,70,5,Balanced,47166,110054
INV_998,22,450245,125780,60,40,20,Conservative,75468,50312
INV_999,28,981447,342724,40,60,10,Balanced,137089,205634
INV_1000,50,517829,92483,30,70,2,Conservative,27744,64738
